{"('<BOW>',)": {"preposition": 3.1481189988980175e-05, "table": 5.876488797942964e-05, "number": 7.022726997541731e-05, "expression": 2.361089249173513e-05, "pronoun": 0.0002644419959074335, "conjunction": 2.557846686604639e-05, "adverb": 3.4195085677685365e-05, "article": 1.5740594994490087e-05, "noun": 5.9878544389443794e-05, "adj": 6.587605876291239e-05, "verb": 0.0001567141845038044, "nounHuman": 0.00013214672726196235, "adv": 7.978174850871119e-05, "tenseSuffix": 4.19749199853069e-05, "nounSuffix": 3.398354098810424e-05, "verbSuffix": 1.070360459625326e-05, "verbPrefix": 0.0017810483236265706, "prepPrefix": 0.0014187751079598964, "adjEnding": 1.5740594994490087e-05, "nounPrefix": 0.0008993126606852024, "adjSuffix": 3.417957770232133e-05, "nounHumanSuffix": 2.518495199118414e-05, "nounHumanPrefix": 0.0002133725099253101, "numberSuffix": 5.246864998163362e-06}, "('preposition',)": {"<EOW>": 3.761887564704465e-05, "tenseSuffix": 0.012820512820512804, "nounEnding": 0.08173076923076927, "verb": 5.9685813875757995e-05, "noun": 2.3144505031615387e-06}, "('table',)": {"<EOW>": 3.073999552872792e-05, "adjEnding": 0.0029761904761904756, "noun": 5.468348530088812e-05, "verb": 4.9880287310454904e-05, "nounHuman": 5.435964340073928e-05, "adv": 3.634715380405034e-05, "adj": 1.4999917241835904e-05, "prepPrefix": 0.00012939958592132503}, "('number',)": {"<EOW>": 2.7765157251754254e-05, "adjEnding": 0.016129032258064516, "noun": 3.8823040698193565e-05, "adj": 5.0455783914696086e-05, "nounEnding": 0.008064516129032258, "adv": 0.00013904338153503893, "numberSuffix": 0.02150537634408602}, "('expression',)": {"<EOW>": 7.824726134585289e-05}, "('pronoun',)": {"<EOW>": 6.0858981046774455e-06, "nounEnding": 0.019444444444444438, "nounSuffix": 0.0008547008547008545, "noun": 4.011714205480001e-06, "verb": 3.4485136905993508e-06, "verbSuffix": 0.001111111111111111, "tenseSuffix": 0.0018518518518518513, "midEnding": 0.02499999999999999, "tablePronounEnding": 0.21111111111111117, "o": 0.04444444444444443}, "('conjunction',)": {"<EOW>": 5.030181086519115e-05, "nounEnding": 0.05357142857142857, "adjEnding": 0.017857142857142856, "noun": 8.596530440314289e-06}, "('adverb',)": {"<EOW>": 5.488986989932964e-05, "nounEnding": 0.007462686567164179, "adjEnding": 0.007462686567164179, "noun": 1.4370319542017917e-05, "adj": 1.556347563537889e-05, "verb": 2.7793990939158956e-05, "verbSuffix": 0.008955223880597015}, "('article',)": {"<EOW>": 7.824726134585289e-05}, "('noun',)": {"verbEnding": 0.00507401490106719, "nounEnding": 0.12709120298029933, "advEnding": 0.004981972816774095, "adjEnding": 0.013551831881231994, "midEnding": 0.0004036591408612183, "verb": 3.642030658141517e-05, "verbSuffix": 0.002445862386553593, "noun": 2.0710599001141402e-05, "nounSuffix": 0.003732677026470935, "nounHuman": 8.089077012764901e-05, "nounHumanSuffix": 0.000445560714722354, "adj": 1.1245842644379278e-05, "adv": 7.165235532620225e-06, "tenseSuffix": 0.0017691775630257927, "adjSuffix": 0.0003591145607206325, "preposition": 1.4076881270975439e-05, "pronoun": 8.775198714374301e-06, "conjunction": 5.484499196483938e-07, "number": 2.7000611428844003e-06, "nounPrefix": 6.508272379827606e-06, "o": 0.04492901741759633, "numberSuffix": 7.215163387374426e-05, "prepPrefix": 1.902310469124795e-05, "verbPrefix": 2.7032487150669702e-05, "adverb": 4.841488945861684e-07, "nounHumanPrefix": 1.9500441587498442e-06}, "('verbEnding',)": {"<EOW>": 7.613682460788583e-05, "nounEnding": 0.005250154416306012, "adjEnding": 0.0013382746551368263, "verbEnding": 3.4314734747098115e-05, "verb": 6.390080958491269e-08, "verbSuffix": 2.058884084825887e-05, "pronoun": 2.058884084825887e-05}, "('nounEnding',)": {"<EOW>": 7.824356764960357e-05, "nounSuffix": 1.815593771787304e-06, "noun": 2.840620897007456e-09}, "('adj',)": {"adjEnding": 0.06341170155074943, "nounEnding": 0.017491112364905005, "verbEnding": 0.002716046677658663, "advEnding": 0.012902819393394882, "midEnding": 0.0032455616601937934, "verb": 9.532122572090725e-05, "nounSuffix": 0.004887725266839908, "noun": 2.945587371471939e-05, "verbSuffix": 0.006301045700794717, "nounHuman": 0.00011899079596907224, "adj": 3.416279358281952e-05, "adjSuffix": 0.001508726432996658, "preposition": 8.131022091730235e-06, "adv": 1.831314738479725e-05, "tenseSuffix": 0.0005774452180232274, "pronoun": 1.232491769693846e-05, "nounHumanSuffix": 0.000574820467032213, "number": 6.320470613814594e-06, "conjunction": 2.5676911868621787e-06, "nounPrefix": 9.928405922533758e-06, "numberSuffix": 0.00040170102123354966, "o": 0.008189223091965776, "verbPrefix": 6.242342574282719e-05, "prepPrefix": 3.380718970203701e-05, "nounHumanPrefix": 1.8259137328797716e-05, "adverb": 2.2666515304714407e-06, "tablePronounEnding": 0.0001095548239727863}, "('adjEnding',)": {"<EOW>": 7.821506745103871e-05, "verbEnding": 3.4286497977098424e-05, "noun": 2.4758573578359675e-08}, "('verb',)": {"adjEnding": 0.01055779235901558, "verbEnding": 0.035664810800038145, "nounEnding": 0.029691165066492803, "advEnding": 0.004682882091247253, "verb": 5.740266745528329e-05, "nounSuffix": 0.004020521094254071, "noun": 2.9161946869256702e-05, "tenseSuffix": 0.01822254553835783, "adv": 9.237111073746133e-06, "adj": 1.9501624378680853e-05, "adjSuffix": 0.0020966388269523873, "nounHuman": 3.7791656954959635e-05, "verbSuffix": 0.004725137269307253, "pronoun": 5.401940376983504e-06, "nounHumanSuffix": 5.7620697354490716e-05, "preposition": 6.18972334862693e-06, "o": 0.028954400420631562, "midEnding": 0.00019807114715606183, "prepPrefix": 2.19287463709142e-05, "verbPrefix": 2.4608839495147072e-05, "numberSuffix": 8.002874632568154e-06, "adverb": 9.934602992153573e-07, "nounPrefix": 1.5605605533507902e-05}, "('advEnding',)": {"<EOW>": 7.815752824797922e-05, "adjEnding": 0.0002866972477064175}, "('nounHuman',)": {"adjEnding": 0.011354586903063757, "verbEnding": 0.004200540819630521, "nounEnding": 0.11853401125394891, "advEnding": 0.0021002704098152603, "nounHuman": 9.927933472576132e-05, "noun": 2.4098511276418763e-05, "nounSuffix": 0.004524669089606811, "verb": 3.27311694453286e-05, "nounHumanSuffix": 0.01079013923042589, "verbSuffix": 0.00304714231957364, "adv": 4.168101298214553e-06, "adj": 8.269769112335243e-06, "adjSuffix": 0.000243781386853557, "tenseSuffix": 0.0005250676024538151, "o": 0.03517952936440562, "preposition": 2.0510453220852153e-05, "prepPrefix": 2.2829026193644135e-05, "verbPrefix": 1.750225341512717e-05}, "('adv',)": {"adjEnding": 0.00017525821376828505, "advEnding": 0.03855680702902268, "nounEnding": 0.0111727111277282, "verbEnding": 0.0011878612266517095, "verb": 0.0002188194109678173, "nounHuman": 0.00010574178985958648, "adj": 7.197942763002435e-05, "verbSuffix": 0.0010390864762972996, "noun": 3.691889819605228e-05, "adv": 2.660936730307562e-05, "preposition": 7.302425573678545e-06, "nounSuffix": 0.0007028303752143532, "pronoun": 1.7525821376828507e-05, "nounHumanSuffix": 9.78525026872925e-05, "adjSuffix": 1.669125845412239e-05, "number": 2.6962802118197706e-05, "tenseSuffix": 0.00036025299496814166, "conjunction": 1.0953638360517817e-05, "nounPrefix": 4.235406832733556e-05, "numberSuffix": 0.0014215388450094237, "prepPrefix": 0.00031681097106258266, "o": 0.001285226900967424, "verbPrefix": 7.740571108099256e-05, "midEnding": 0.0014020657101462806, "nounHumanPrefix": 7.789253945257115e-05, "adverb": 9.669418690664004e-06}, "('tenseSuffix',)": {"adjEnding": 0.10524906266738195, "nounEnding": 0.09185859667916407, "advEnding": 0.048473486877342584, "nounSuffix": 0.0032343125540768387, "noun": 6.526824798685237e-06, "verbEnding": 0.001071237279057297, "tenseSuffix": 8.926977325477477e-05, "nounHumanSuffix": 0.0013725227637921623, "verb": 9.143086646205982e-07, "verbSuffix": 0.00016068559185859462, "adv": 1.1543505162255358e-06, "nounHuman": 3.668620818689375e-06, "o": 0.0016068559185859462, "adj": 3.490736701829045e-07}, "('nounSuffix',)": {"nounEnding": 0.23795300677021053, "advEnding": 0.00027756658581032617,